feature,importance
is_monsoon_season,0.1954943
late_incoming_rake,0.13674018
season_severity_score,0.124188006
season,0.122845486
month,0.07121288
route_historical_ontime_pct,0.06951008
track_doubled,0.038607907
is_fog_risk,0.033714373
train_type,0.025181396
is_electrified,0.014876286
zone,0.014017086
is_festival_season,0.013669562
zone_congestion_index,0.013599049
has_lhb_coaches,0.013528376
traction_type,0.013334292
is_rake_shared,0.013141468
is_hdn_route,0.012337726
is_night_departure,0.01125601
fog_risk_score,0.010798868
loco_age_years,0.007215976
zone_abbr,0.005598047
coach_age_years,0.0041506845
train_number,0.0030221108
psr_count,0.002913267
scheduled_travel_hours,0.0028690477
is_weekend,0.0021267144
departure_day_of_year,0.0019011301
num_scheduled_stops,0.0017454337
departure_week_of_year,0.0016941354
distance_km,0.0016684422
day_of_week,0.0015043013
is_circular_route,0.0014995836
departure_hour,0.0014590105
destination_station_category,0.001440388
maintenance_score,0.0014342715
source_station_category,0.0013943707
is_special_train,0.0013915403
departure_days_from_reference,0.001314806
seat_utilisation_pct,0.0013112143
year,0.0011842956
is_peak_hour,0.0011088448
zone_fog_index,0.0010353721
departure_quarter,0.00096367806
is_overloaded,0.0
